{"@module": "pymatgen.core.structure", "@class": "Structure", "charge": 0, "lattice": {"matrix": [[0.0, 2.085644, 2.085644], [2.085644, 0.0, 2.085644], [2.085644, 2.085644, 0.0]], "pbc": [true, true, true], "a": 2.9495460310820714, "b": 2.9495460310820714, "c": 2.9495460310820714, "alpha": 59.99999999999999, "beta": 59.99999999999999, "gamma": 59.99999999999999, "volume": 18.144731116281537}, "sites": [{"species": [{"element": "Au", "occu": 1}], "abc": [0.0, 0.0, 0.0], "xyz": [0.0, 0.0, 0.0], "label": "Au", "properties": {"magmom": -0.0}}]}